  Line,  Analysis,             Time Code,           Port,  Inj Nr,  d(18_16)Mean,    d(D_H)Mean,      H2O_Mean,  Ignore, Good,                            Identifier 1,                            Identifier 2,   Gas Configuration,Timestamp Mean,   d(18_16)_SD,     d(D_H)_SD,        H2O_SD,   d(18_16)_Sl,     d(D_H)_Sl,        H2O_Sl,baseline_shift,   slope_shift,     residuals,baseline_curvature,      interval,       ch4_ppm,  h16od_adjust,   h16od_shift,n2_flag,      DAS Temp,      Tray,  Sample,     Job,    Method,Error Code
1,   P-17806,   2021/09/09 12:12:46,           1-01,1,-8.149,-68.223,22685,-1,1,                                        ,                                        ,                 H2O,1631211472,0.358,0.657,131.431,0.001,0.003,3.079,1416.814,-1.384,3.712,138.55,0.874,0.349,0,0,1,44.562,1,1,1, GJB_Rinse,0
2,   P-17806,   2021/09/09 12:21:43,           1-01,2,-7.815,-63.941,17869,-1,1,                                        ,                                        ,                 H2O,1631212009,0.305,0.803,113.546,0,-0.001,2.709,1306.88,1.947,2.901,109.785,0.868,0.375,0,0,1,43.938,1,1,1, GJB_Rinse,0
3,   P-17806,   2021/09/09 12:30:39,           1-01,3,-7.678,-62.022,18274,-1,1,                                        ,                                        ,                 H2O,1631212546,0.304,0.753,110.949,0,0.001,2.625,1307.465,1.897,2.92,112.531,0.87,0.32,0,0,1,43.75,1,1,1, GJB_Rinse,0
4,   P-17806,   2021/09/09 12:39:36,           1-01,4,-7.663,-61.531,18016,0,1,                                        ,                                        ,                 H2O,1631213082,0.318,0.775,108.256,0,0.003,2.575,1300.643,2.527,2.778,108.182,0.87,-0.05,0,0,1,43.688,1,1,1, GJB_Rinse,0
5,   P-17806,   2021/09/09 12:48:32,           1-01,5,-7.579,-60.853,18416,0,1,                                        ,                                        ,                 H2O,1631213619,0.314,0.733,109.464,0.001,0.002,2.609,1301.856,1.985,2.93,112.878,0.869,0.32,0,0,1,43.625,1,1,1, GJB_Rinse,0
6,   P-17806,   2021/09/09 12:57:29,           1-01,6,-7.584,-60.842,18182,0,1,                                        ,                                        ,                 H2O,1631214156,0.287,0.744,106.738,0,0.001,2.55,1299.124,2.614,2.844,110.184,0.872,0.185,0,0,1,43.5,1,1,1, GJB_Rinse,0
7,   P-17806,   2021/09/09 13:06:25,           1-01,7,-7.511,-60.193,18694,0,1,                                        ,                                        ,                 H2O,1631214692,0.306,0.67,106.576,0.001,0,2.523,1302.554,2.049,3.019,114.932,0.869,0.403,0,0,1,43.5,1,1,1, GJB_Rinse,0
8,   P-17806,   2021/09/09 13:15:22,           1-01,8,-7.564,-60.629,18190,0,1,                                        ,                                        ,                 H2O,1631215228,0.318,0.732,105.32,0,0.001,2.511,1298.618,2.023,2.923,112.376,0.864,0.646,0,0,1,43.5,1,1,1, GJB_Rinse,0
9,   P-17806,   2021/09/09 13:24:19,           1-01,9,-7.596,-60.718,18106,0,1,                                        ,                                        ,                 H2O,1631215764,0.288,0.782,104.376,0,0.001,2.478,1297.512,2.996,2.862,110.38,0.867,0.412,0,0,1,43.5,1,1,1, GJB_Rinse,0
10,   P-17806,   2021/09/09 13:33:15,           1-01,10,-7.482,-60.074,18644,0,1,                                        ,                                        ,                 H2O,1631216302,0.313,0.742,106.005,0.001,0.002,2.508,1301.866,2.025,3.007,114.273,0.871,0.326,0,0,1,43.5,1,1,1, GJB_Rinse,0
11,   P-17807,   2021/09/09 13:43:04,           1-02,1,3.574,23.984,18304,-1,1,                                        ,                                        ,                 H2O,1631216890,0.347,0.886,102.406,-0.002,-0.011,2.446,1298.937,1.742,2.941,113.516,0.872,0.435,0,0,1,43.438,1,2,1, GJB_Rinse,0
12,   P-17807,   2021/09/09 13:52:00,           1-02,2,4.385,34.035,17930,-1,1,                                        ,                                        ,                 H2O,1631217426,0.314,0.849,103.151,-0.001,-0.009,2.438,1296.295,1.625,2.894,111.071,0.866,0.245,0,0,1,43.438,1,2,1, GJB_Rinse,0
13,   P-17807,   2021/09/09 14:00:57,           1-02,3,4.665,37.439,18185,-1,1,                                        ,                                        ,                 H2O,1631217964,0.302,0.757,100.294,0,-0.007,2.391,1298.183,1.819,2.894,111.195,0.869,0.12,0,0,1,43.375,1,2,1, GJB_Rinse,0
14,   P-17807,   2021/09/09 14:09:54,           1-02,4,4.694,38.367,18231,0,1,                                        ,                                        ,                 H2O,1631218500,0.264,0.75,103.644,0,-0.005,2.469,1298.53,1.64,2.901,111.916,0.869,0.204,0,0,1,43.375,1,2,1, GJB_Rinse,0
15,   P-17807,   2021/09/09 14:18:51,           1-02,5,4.713,38.957,17979,0,1,                                        ,                                        ,                 H2O,1631219037,0.311,0.786,99.552,-0.001,-0.003,2.365,1296.182,2.118,2.922,111.439,0.871,0.603,0,0,1,43.5,1,2,1, GJB_Rinse,0
16,   P-17807,   2021/09/09 14:27:48,           1-02,6,4.767,39.604,18229,0,1,                                        ,                                        ,                 H2O,1631219574,0.292,0.7,102.218,0,-0.001,2.417,1298.353,2.04,2.909,111.142,0.871,0.208,0,0,1,43.438,1,2,1, GJB_Rinse,0
17,   P-17807,   2021/09/09 14:36:44,           1-02,7,4.737,39.719,18388,0,1,                                        ,                                        ,                 H2O,1631220111,0.325,0.83,102.868,-0.001,-0.003,2.438,1299.301,1.794,2.964,113.094,0.868,0.343,0,0,1,43.438,1,2,1, GJB_Rinse,0
18,   P-17807,   2021/09/09 14:45:41,           1-02,8,4.832,39.941,18232,0,1,                                        ,                                        ,                 H2O,1631220647,0.311,0.718,103.421,0,-0.002,2.444,1298.27,1.626,2.94,112.214,0.866,0.184,0,0,1,43.5,1,2,1, GJB_Rinse,0
19,   P-17807,   2021/09/09 14:54:38,           1-02,9,4.8,40.263,18292,0,1,                                        ,                                        ,                 H2O,1631221184,0.321,0.787,103.728,-0.001,-0.005,2.457,1298.655,1.501,2.973,113.581,0.864,0.601,0,0,1,43.438,1,2,1, GJB_Rinse,0
20,   P-17807,   2021/09/09 15:03:34,           1-02,10,4.779,40.136,18015,0,1,                                        ,                                        ,                 H2O,1631221721,0.318,0.744,102.182,-0.001,0,2.446,1296.499,1.323,2.938,112.956,0.865,0.696,0,0,1,43.438,1,2,1, GJB_Rinse,0
21,   P-17808,   2021/09/09 15:13:23,           1-03,1,-11.432,-87.26,18161,-1,1,                                        ,                                        ,                 H2O,1631222310,0.319,1.167,102.752,0.003,0.021,2.425,1297.602,2.49,2.88,111.323,0.868,0.437,0,0,1,43.5,1,3,1, GJB_Rinse,0
22,   P-17808,   2021/09/09 15:22:20,           1-03,2,-12.737,-103.453,18031,-1,1,                                        ,                                        ,                 H2O,1631222846,0.322,1.055,100.159,0.002,0.017,2.385,1296.892,2.892,2.835,108.285,0.865,0.139,0,0,1,43.5,1,3,1, GJB_Rinse,0
23,   P-17808,   2021/09/09 15:31:17,           1-03,3,-13.033,-107.606,18111,-1,1,                                        ,                                        ,                 H2O,1631223383,0.282,0.971,101.154,0,0.016,2.424,1297.271,2.581,2.829,110.265,0.865,0.349,0,0,1,43.562,1,3,1, GJB_Rinse,0
24,   P-17808,   2021/09/09 15:40:14,           1-03,4,-13.048,-108.992,18156,0,1,                                        ,                                        ,                 H2O,1631223920,0.314,0.862,101.817,0,0.01,2.422,1297.571,2.944,2.844,109.596,0.865,0.202,0,0,1,43.562,1,3,1, GJB_Rinse,0
25,   P-17808,   2021/09/09 15:49:10,           1-03,5,-13.173,-110.153,17659,0,1,                                        ,                                        ,                 H2O,1631224456,0.313,0.93,100.317,0.001,0.011,2.387,1293.832,2.319,2.834,109.198,0.865,0.548,0,0,1,43.562,1,3,1, GJB_Rinse,0
26,   P-17808,   2021/09/09 15:58:07,           1-03,6,-13.223,-110.75,17609,0,1,                                        ,                                        ,                 H2O,1631224994,0.28,0.821,99.922,0,0.007,2.365,1293.674,2.908,2.755,106.114,0.865,0.178,0,0,1,43.562,1,3,1, GJB_Rinse,0
27,   P-17808,   2021/09/09 16:07:04,           1-03,7,-13.257,-111,17641,0,1,                                        ,                                        ,                 H2O,1631225531,0.305,0.787,101.472,-0.001,0.006,2.409,1293.744,2.813,2.744,107.28,0.868,0.296,0,0,1,43.5,1,3,1, GJB_Rinse,0
28,   P-17808,   2021/09/09 16:16:01,           1-03,8,-13.32,-111.611,17625,0,1,                                        ,                                        ,                 H2O,1631226067,0.314,0.847,99.249,0.001,0.007,2.364,1293.414,3.023,2.799,107.747,0.864,0.442,0,0,1,43.562,1,3,1, GJB_Rinse,0
29,   P-17808,   2021/09/09 16:24:57,           1-03,9,-13.228,-111.554,17610,0,1,                                        ,                                        ,                 H2O,1631226603,0.308,0.757,100.273,0,0.005,2.385,1293.646,2.98,2.717,105.694,0.866,0.114,0,0,1,43.562,1,3,1, GJB_Rinse,0
30,   P-17808,   2021/09/09 16:33:53,           1-03,10,-13.249,-111.679,17579,0,1,                                        ,                                        ,                 H2O,1631227140,0.32,0.731,101.229,-0.001,0.004,2.407,1293.371,2.689,2.741,106.78,0.861,0.376,0,0,1,43.5,1,3,1, GJB_Rinse,0
31,   P-17809,   2021/09/09 16:43:43,           1-04,1,-8.038,-67.871,18442,-1,1,                                        ,                                        ,                 H2O,1631227729,0.276,0.672,99.905,0,0,2.383,1299.798,2.531,2.912,111.687,0.864,0.129,0,0,1,43.625,1,4,1, GJB_Rinse,0
32,   P-17809,   2021/09/09 16:52:40,           1-04,2,-7.728,-62.889,17890,-1,1,                                        ,                                        ,                 H2O,1631228266,0.31,0.715,100.815,0,0.001,2.398,1295.463,2.045,2.867,110.868,0.865,0.652,0,0,1,43.625,1,4,1, GJB_Rinse,0
33,   P-17809,   2021/09/09 17:01:36,           1-04,3,-7.619,-61.388,18156,-1,1,                                        ,                                        ,                 H2O,1631228803,0.33,0.669,99.822,0,-0.001,2.369,1297.397,2.717,2.885,110.736,0.863,0.379,0,0,1,43.688,1,4,1, GJB_Rinse,0
34,   P-17809,   2021/09/09 17:10:33,           1-04,4,-7.583,-60.905,18024,0,1,                                        ,                                        ,                 H2O,1631229340,0.326,0.753,99.484,0,0.003,2.363,1296.437,2.483,2.835,110.807,0.867,0.612,0,0,1,43.75,1,4,1, GJB_Rinse,0
35,   P-17809,   2021/09/09 17:19:29,           1-04,5,-7.571,-60.809,17929,0,1,                                        ,                                        ,                 H2O,1631229876,0.338,0.786,98.855,0,0.001,2.355,1295.753,2.665,2.859,109.238,0.863,0.345,0,0,1,43.75,1,4,1, GJB_Rinse,0
36,   P-17809,   2021/09/09 17:28:26,           1-04,6,-7.615,-60.782,17922,0,1,                                        ,                                        ,                 H2O,1631230412,0.29,0.75,99.072,0.001,0.002,2.354,1295.313,2.379,2.913,112.073,0.862,0.863,0,0,1,43.75,1,4,1, GJB_Rinse,0
37,   P-17809,   2021/09/09 17:37:22,           1-04,7,-7.561,-60.594,17861,0,1,                                        ,                                        ,                 H2O,1631230949,0.3,0.715,100.094,-0.001,0,2.365,1295.69,2.066,2.831,108.632,0.866,0.144,0,0,1,43.688,1,4,1, GJB_Rinse,0
38,   P-17809,   2021/09/09 17:46:20,           1-04,8,-7.556,-60.555,17891,0,1,                                        ,                                        ,                 H2O,1631231486,0.295,0.771,98.232,0,0.004,2.355,1295.538,2.373,2.837,109.215,0.864,0.304,0,0,1,43.75,1,4,1, GJB_Rinse,0
39,   P-17809,   2021/09/09 17:55:17,           1-04,9,-7.616,-60.58,17867,0,1,                                        ,                                        ,                 H2O,1631232023,0.297,0.721,100.29,-0.001,0.001,2.391,1295.45,2.371,2.811,108.723,0.863,0.277,0,0,1,43.75,1,4,1, GJB_Rinse,0
40,   P-17809,   2021/09/09 18:04:13,           1-04,10,-7.558,-60.476,17932,0,1,                                        ,                                        ,                 H2O,1631232560,0.313,0.737,100.981,0,0.003,2.397,1295.667,2.45,2.866,110.51,0.862,0.423,0,0,1,43.75,1,4,1, GJB_Rinse,0
41,   P-17810,   2021/09/09 18:14:03,           1-05,1,-13.162,-110.652,18112,-1,1,                                        ,                                        ,                 H2O,1631233150,0.296,0.894,99.45,0.001,0.011,2.36,1296.848,3.31,2.849,109.609,0.862,0.488,0,0,1,43.812,1,5,2, GJB_Rinse,0
42,   P-17810,   2021/09/09 18:23:00,           1-05,2,-13.643,-117.288,17948,-1,1,                                        ,                                        ,                 H2O,1631233686,0.299,0.811,101.052,0.001,0.011,2.41,1295.883,2.385,2.87,110.904,0.863,0.536,0,0,1,43.75,1,5,2, GJB_Rinse,0
43,   P-17810,   2021/09/09 18:31:57,           1-05,3,-13.722,-118.864,17966,-1,1,                                        ,                                        ,                 H2O,1631234223,0.293,0.916,98.665,0.001,0.012,2.357,1296.184,2.308,2.833,109.778,0.862,0.178,0,0,1,43.75,1,5,2, GJB_Rinse,0
44,   P-17810,   2021/09/09 18:40:53,           1-05,4,-13.735,-119.366,18015,0,1,                                        ,                                        ,                 H2O,1631234760,0.313,0.795,101.889,0.001,0.008,2.41,1296.443,2.542,2.814,109.69,0.865,0.215,0,0,1,43.812,1,5,2, GJB_Rinse,0
45,   P-17811,   2021/09/09 18:50:42,           1-06,1,-14.087,-120.551,18020,-1,1,                                        ,                                        ,                 H2O,1631235349,0.301,0.684,97.686,0,0.003,2.314,1296.432,3.524,2.761,107.285,0.864,0.073,0,0,1,43.812,1,6,2, GJB_Rinse,0
46,   P-17811,   2021/09/09 18:59:39,           1-06,2,-14.153,-120.953,17930,-1,1,                                        ,                                        ,                 H2O,1631235886,0.297,0.756,98.871,-0.001,0.006,2.364,1295.622,2.735,2.841,109.544,0.866,0.358,0,0,1,43.812,1,6,2, GJB_Rinse,0
47,   P-17811,   2021/09/09 19:08:36,           1-06,3,-14.138,-120.939,17978,-1,1,                                        ,                                        ,                 H2O,1631236423,0.313,0.759,99.694,0,0.006,2.384,1296.186,2.934,2.771,108.515,0.866,0.19,0,0,1,43.688,1,6,2, GJB_Rinse,0
48,   P-17811,   2021/09/09 19:17:33,           1-06,4,-14.155,-121.289,18015,0,1,                                        ,                                        ,                 H2O,1631236959,0.35,0.784,98.188,0.001,0.008,2.334,1296.615,2.708,2.814,108.501,0.866,0.167,0,0,1,43.625,1,6,2, GJB_Rinse,0
49,   P-17812,   2021/09/09 19:27:23,           1-07,1,-13.771,-120.097,18369,-1,1,                                        ,                                        ,                 H2O,1631237549,0.354,0.728,103.086,0.001,0.005,2.458,1298.928,2.85,2.874,111.367,0.868,0.228,0,0,1,43.625,1,7,2, GJB_Rinse,0
50,   P-17812,   2021/09/09 19:36:19,           1-07,2,-13.771,-120.386,18159,-1,1,                                        ,                                        ,                 H2O,1631238086,0.309,0.812,102.017,0,0.007,2.422,1297.721,2.552,2.778,109.321,0.862,0.05,0,0,1,43.625,1,7,2, GJB_Rinse,0
51,   P-17812,   2021/09/09 19:45:16,           1-07,3,-13.748,-120.25,18117,-1,1,                                        ,                                        ,                 H2O,1631238622,0.304,0.719,102.622,0.001,0.004,2.423,1296.956,2.829,2.837,110.304,0.867,0.342,0,0,1,43.688,1,7,2, GJB_Rinse,0
52,   P-17812,   2021/09/09 19:54:13,           1-07,4,-13.723,-120.265,18188,0,1,                                        ,                                        ,                 H2O,1631239159,0.308,0.803,102.349,0.002,0.003,2.42,1297.434,2.984,2.866,110.982,0.865,0.548,0,0,1,43.688,1,7,2, GJB_Rinse,0
53,   P-17813,   2021/09/09 20:03:59,           1-08,1,-11.562,-107.269,18247,-1,1,                                        ,                                        ,                 H2O,1631239745,0.325,0.699,100.643,-0.001,0.002,2.385,1298.006,2.589,2.888,112.035,0.863,0.449,0,0,1,43.875,1,8,2, GJB_Rinse,0
54,   P-17813,   2021/09/09 20:12:56,           1-08,2,-11.426,-105.887,17876,-1,1,                                        ,                                        ,                 H2O,1631240282,0.311,0.71,97.792,-0.001,0,2.331,1295.55,2.552,2.777,108.273,0.864,0.194,0,0,1,43.938,1,8,2, GJB_Rinse,0
55,   P-17813,   2021/09/09 20:21:51,           1-08,3,-11.365,-105.472,17952,-1,1,                                        ,                                        ,                 H2O,1631240818,0.316,0.738,98.422,0,0.003,2.348,1295.796,2.654,2.843,110.234,0.863,0.515,0,0,1,44.125,1,8,2, GJB_Rinse,0
56,   P-17813,   2021/09/09 20:30:48,           1-08,4,-11.327,-105.142,18010,0,1,                                        ,                                        ,                 H2O,1631241354,0.294,0.691,101.443,-0.001,0.004,2.41,1296.248,2.646,2.891,110.691,0.861,0.484,0,0,1,44.125,1,8,2, GJB_Rinse,0
57,   P-17814,   2021/09/09 20:40:35,           1-09,1,-9.528,-92.551,18039,-1,1,                                        ,                                        ,                 H2O,1631241941,0.301,0.649,98.918,-0.001,0.003,2.361,1296.669,2.558,2.859,110.019,0.863,0.358,0,0,1,44.062,1,9,2, GJB_Rinse,0
58,   P-17814,   2021/09/09 20:49:32,           1-09,2,-9.304,-90.73,18111,-1,1,                                        ,                                        ,                 H2O,1631242478,0.335,0.731,99.137,0.001,0.003,2.358,1297.101,2.412,2.894,111.683,0.866,0.542,0,0,1,43.938,1,9,2, GJB_Rinse,0
59,   P-17814,   2021/09/09 20:58:28,           1-09,3,-9.317,-90.422,17928,-1,1,                                        ,                                        ,                 H2O,1631243015,0.324,0.758,100.309,0,0.005,2.398,1295.638,2.357,2.899,111.214,0.861,0.702,0,0,1,43.812,1,9,2, GJB_Rinse,0
60,   P-17814,   2021/09/09 21:07:25,           1-09,4,-9.29,-90.006,17909,0,1,                                        ,                                        ,                 H2O,1631243551,0.308,0.737,101.685,0,0.002,2.41,1295.921,2.569,2.805,108.343,0.864,0.249,0,0,1,43.75,1,9,2, GJB_Rinse,0
61,   P-17815,   2021/09/09 21:17:13,           1-10,1,-9.169,-89.943,17896,-1,1,                                        ,                                        ,                 H2O,1631244139,0.314,0.715,100.483,0,0.004,2.396,1295.576,2.512,2.839,109.288,0.864,0.469,0,0,1,43.688,1,10,2, GJB_Rinse,0
62,   P-17815,   2021/09/09 21:26:09,           1-10,2,-9.045,-89.386,18204,-1,1,                                        ,                                        ,                 H2O,1631244676,0.281,0.654,103.429,0.001,0.002,2.447,1297.799,2.599,2.882,110.829,0.864,0.472,0,0,1,43.625,1,10,2, GJB_Rinse,0
63,   P-17815,   2021/09/09 21:35:06,           1-10,3,-9.072,-89.743,17872,-1,1,                                        ,                                        ,                 H2O,1631245212,0.296,0.605,100.214,0,-0.001,2.373,1295.406,2.31,2.853,109.394,0.864,0.386,0,0,1,43.562,1,10,2, GJB_Rinse,0
64,   P-17815,   2021/09/09 21:44:02,           1-10,4,-9.045,-89.682,17899,0,1,                                        ,                                        ,                 H2O,1631245749,0.33,0.812,99.758,0.001,0.004,2.365,1295.704,2.471,2.827,109.338,0.864,0.469,0,0,1,43.688,1,10,2, GJB_Rinse,0
65,   P-17816,   2021/09/09 21:53:51,           1-11,1,-10.797,-100.022,17971,-1,1,                                        ,                                        ,                 H2O,1631246337,0.311,0.739,100.104,0,0.006,2.392,1296.015,2.651,2.891,110.612,0.867,0.606,0,0,1,43.812,1,11,2, GJB_Rinse,0
66,   P-17816,   2021/09/09 22:02:46,           1-11,2,-10.951,-101.291,17933,-1,1,                                        ,                                        ,                 H2O,1631246873,0.299,0.772,103.197,0,0.005,2.463,1295.804,3.218,2.78,107.744,0.863,0.263,0,0,1,43.938,1,11,2, GJB_Rinse,0
67,   P-17816,   2021/09/09 22:11:43,           1-11,3,-11.014,-101.616,17967,-1,1,                                        ,                                        ,                 H2O,1631247409,0.328,0.744,101.076,0,0.005,2.398,1296.024,2.727,2.813,109.173,0.863,0.336,0,0,1,44.062,1,11,2, GJB_Rinse,0
68,   P-17816,   2021/09/09 22:20:39,           1-11,4,-10.995,-101.823,17935,0,1,                                        ,                                        ,                 H2O,1631247946,0.284,0.681,102.35,0,0.004,2.421,1295.707,2.81,2.87,109.398,0.86,0.471,0,0,1,44.188,1,11,2, GJB_Rinse,0
69,   P-17817,   2021/09/09 22:30:28,           1-12,1,-13.485,-117.394,17978,-1,1,                                        ,                                        ,                 H2O,1631248535,0.295,0.773,102.145,0.001,0.009,2.426,1296.229,2.376,2.845,110.509,0.862,0.547,0,0,1,44.062,1,12,2, GJB_Rinse,0
70,   P-17817,   2021/09/09 22:39:24,           1-12,2,-13.682,-119.561,18156,-1,1,                                        ,                                        ,                 H2O,1631249071,0.29,0.788,101.148,0,0.007,2.411,1297.084,2.639,2.895,112.717,0.863,0.743,0,0,1,44,1,12,2, GJB_Rinse,0
71,   P-17817,   2021/09/09 22:48:20,           1-12,3,-13.696,-120.064,17917,-1,1,                                        ,                                        ,                 H2O,1631249606,0.312,0.761,101.976,0,0.004,2.421,1295.388,3.028,2.842,110.141,0.862,0.725,0,0,1,43.875,1,12,2, GJB_Rinse,0
72,   P-17817,   2021/09/09 22:57:17,           1-12,4,-13.821,-120.436,17945,0,1,                                        ,                                        ,                 H2O,1631250144,0.303,0.766,102.336,0,0.008,2.427,1295.901,2.499,2.834,109.735,0.867,0.306,0,0,1,43.938,1,12,2, GJB_Rinse,0
73,   P-17818,   2021/09/09 23:07:06,           1-13,1,-8.218,-70.898,17484,-1,1,                                        ,                                        ,                 H2O,1631250732,0.31,0.731,99.895,-0.001,-0.004,2.377,1292.408,2.844,2.738,106.764,0.865,0.432,0,0,1,44,1,13,2, GJB_Rinse,0
74,   P-17818,   2021/09/09 23:16:02,           1-13,2,-7.79,-64.311,17339,-1,1,                                        ,                                        ,                 H2O,1631251269,0.307,0.789,98.196,0,-0.004,2.337,1291.755,2.558,2.667,104.229,0.86,0.008,0,0,1,43.938,1,13,2, GJB_Rinse,0
75,   P-17818,   2021/09/09 23:24:59,           1-13,3,-7.708,-62.477,17842,-1,1,                                        ,                                        ,                 H2O,1631251806,0.3,0.715,101.017,0.001,0.002,2.408,1295.068,2.358,2.827,108.961,0.864,0.345,0,0,1,43.875,1,13,2, GJB_Rinse,0
76,   P-17818,   2021/09/09 23:33:56,           1-13,4,-7.67,-61.667,17930,0,1,                                        ,                                        ,                 H2O,1631252342,0.284,0.734,99.275,-0.001,0,2.365,1295.84,2.362,2.871,108.903,0.864,0.415,0,0,1,43.875,1,13,2, GJB_Rinse,0
77,   P-17819,   2021/09/09 23:43:46,           1-14,1,-4.157,-58.12,18179,-1,1,                                        ,                                        ,                 H2O,1631252932,0.329,0.733,99.129,-0.001,-0.001,2.349,1297.463,2.427,2.878,110.919,0.864,0.216,0,0,1,43.875,1,14,2, GJB_Rinse,0
78,   P-17819,   2021/09/09 23:52:42,           1-14,2,-3.839,-57.75,17914,-1,1,                                        ,                                        ,                 H2O,1631253468,0.329,0.796,101.197,0.001,0.002,2.411,1295.547,2.16,2.902,110.796,0.864,0.494,0,0,1,43.875,1,14,2, GJB_Rinse,0
79,   P-17819,   2021/09/10 00:01:38,           1-14,3,-3.702,-57.263,17914,-1,1,                                        ,                                        ,                 H2O,1631254004,0.319,0.689,101.73,0,0,2.407,1295.648,2.633,2.844,108.905,0.865,0.369,0,0,1,43.75,1,14,2, GJB_Rinse,0
80,   P-17819,   2021/09/10 00:10:34,           1-14,4,-3.683,-57.079,17910,0,1,                                        ,                                        ,                 H2O,1631254541,0.294,0.72,103.632,0,0.003,2.477,1295.824,1.699,2.856,110.616,0.861,0.394,0,0,1,43.75,1,14,2, GJB_Rinse,0
81,   P-17820,   2021/09/10 00:20:20,           1-15,1,-8.142,-82.295,18036,-1,1,                                        ,                                        ,                 H2O,1631255127,0.282,0.742,99.777,0,0.003,2.365,1296.68,2.541,2.842,109.28,0.864,0.232,0,0,1,43.875,1,15,2, GJB_Rinse,0
82,   P-17820,   2021/09/10 00:29:17,           1-15,2,-8.549,-85.619,17908,-1,1,                                        ,                                        ,                 H2O,1631255664,0.306,0.723,99.744,0,0.005,2.385,1295.262,2.944,2.861,109.514,0.861,0.451,0,0,1,44,1,15,2, GJB_Rinse,0
83,   P-17820,   2021/09/10 00:38:13,           1-15,3,-8.643,-86.318,17873,-1,1,                                        ,                                        ,                 H2O,1631256199,0.31,0.796,98.457,0,0.002,2.354,1295.142,2.333,2.873,110.645,0.861,0.447,0,0,1,44.062,1,15,2, GJB_Rinse,0
84,   P-17820,   2021/09/10 00:47:09,           1-15,4,-8.624,-86.585,17909,0,1,                                        ,                                        ,                 H2O,1631256735,0.318,0.64,99.327,-0.001,0.003,2.367,1295.398,3.113,2.822,108.515,0.859,0.342,0,0,1,44.25,1,15,2, GJB_Rinse,0
85,   P-17821,   2021/09/10 00:56:54,           1-16,1,-8.734,-87.594,18074,-1,1,                                        ,                                        ,                 H2O,1631257321,0.318,0.742,100.895,0,0.005,2.395,1296.429,2.852,2.865,111.115,0.862,0.561,0,0,1,44.375,1,16,2, GJB_Rinse,0
86,   P-17821,   2021/09/10 01:05:50,           1-16,2,-8.742,-87.829,17945,-1,1,                                        ,                                        ,                 H2O,1631257856,0.291,0.727,100.803,0,0.005,2.391,1295.823,2.89,2.837,109.007,0.862,0.323,0,0,1,44.375,1,16,2, GJB_Rinse,0
87,   P-17821,   2021/09/10 01:14:46,           1-16,3,-8.733,-87.864,17897,-1,1,                                        ,                                        ,                 H2O,1631258393,0.31,0.688,99.101,-0.001,0,2.356,1295.7,2.106,2.848,109.612,0.861,0.319,0,0,1,44.312,1,16,2, GJB_Rinse,0
88,   P-17821,   2021/09/10 01:23:43,           1-16,4,-8.739,-87.959,17857,0,1,                                        ,                                        ,                 H2O,1631258930,0.302,0.831,102.31,-0.001,0.006,2.445,1295.301,2.372,2.835,109.416,0.861,0.411,0,0,1,44.312,1,16,2, GJB_Rinse,0
89,   P-17822,   2021/09/10 01:33:30,           1-17,1,-3.809,-60.026,17956,-1,1,                                        ,                                        ,                 H2O,1631259516,0.312,0.705,100.327,-0.001,0.001,2.388,1295.974,2.625,2.818,109.291,0.859,0.305,0,0,1,44.438,1,17,2, GJB_Rinse,0
90,   P-17822,   2021/09/10 01:42:27,           1-17,2,-3.432,-56.419,17934,-1,1,                                        ,                                        ,                 H2O,1631260053,0.313,0.7,98.077,0,-0.001,2.336,1295.658,2.445,2.826,109.776,0.86,0.435,0,0,1,44.562,1,17,2, GJB_Rinse,0
91,   P-17822,   2021/09/10 01:51:24,           1-17,3,-3.378,-55.55,17930,-1,1,                                        ,                                        ,                 H2O,1631260590,0.304,0.724,103.456,0.001,0.002,2.463,1295.876,2.358,2.803,108.752,0.859,0.117,0,0,1,44.562,1,17,2, GJB_Rinse,0
92,   P-17822,   2021/09/10 02:00:20,           1-17,4,-3.386,-55.297,17904,0,1,                                        ,                                        ,                 H2O,1631261127,0.309,0.725,100.964,-0.001,0.002,2.388,1295.737,1.664,2.837,110.097,0.86,0.356,0,0,1,44.5,1,17,2, GJB_Rinse,0
93,   P-17823,   2021/09/10 02:10:08,           1-18,1,-12.817,-109.997,17918,-1,1,                                        ,                                        ,                 H2O,1631261714,0.295,0.865,99.116,0.001,0.008,2.358,1295.488,2.868,2.816,109.122,0.86,0.424,0,0,1,44.438,1,18,2, GJB_Rinse,0
94,   P-17823,   2021/09/10 02:19:03,           1-18,2,-13.578,-117.131,17869,-1,1,                                        ,                                        ,                 H2O,1631262250,0.311,0.802,99.661,0.001,0.008,2.38,1294.986,2.881,2.785,109.198,0.862,0.452,0,0,1,44.312,1,18,2, GJB_Rinse,0
95,   P-17823,   2021/09/10 02:27:59,           1-18,3,-13.696,-118.867,17880,-1,1,                                        ,                                        ,                 H2O,1631262786,0.32,0.762,99.397,0,0.005,2.366,1295.375,2.618,2.821,108.784,0.864,0.35,0,0,1,44.125,1,18,2, GJB_Rinse,0
96,   P-17823,   2021/09/10 02:36:55,           1-18,4,-13.802,-119.615,17835,0,1,                                        ,                                        ,                 H2O,1631263322,0.34,0.812,102.037,0.001,0.006,2.435,1294.873,2.641,2.814,108.954,0.863,0.373,0,0,1,44,1,18,2, GJB_Rinse,0
97,   P-17824,   2021/09/10 02:46:43,           1-19,1,-13.924,-120.532,17926,-1,1,                                        ,                                        ,                 H2O,1631263909,0.334,0.826,97.461,0,0.007,2.317,1295.595,3.49,2.735,106.997,0.86,0.088,0,0,1,44,1,19,2, GJB_Rinse,0
98,   P-17824,   2021/09/10 02:55:39,           1-19,2,-13.994,-120.774,17851,-1,1,                                        ,                                        ,                 H2O,1631264446,0.306,0.835,100.89,0.002,0.01,2.399,1295.043,2.92,2.768,108.39,0.861,0.379,0,0,1,44,1,19,2, GJB_Rinse,0
99,   P-17824,   2021/09/10 03:04:35,           1-19,3,-13.867,-120.463,17845,-1,1,                                        ,                                        ,                 H2O,1631264981,0.312,0.829,101.355,0,0.007,2.422,1295.093,3.065,2.803,107.635,0.862,0.342,0,0,1,44,1,19,2, GJB_Rinse,0
100,   P-17824,   2021/09/10 03:13:32,           1-19,4,-13.916,-120.726,18042,0,1,                                        ,                                        ,                 H2O,1631265518,0.302,0.744,101.514,0,0.006,2.409,1296.325,2.849,2.889,110.702,0.863,0.511,0,0,1,44,1,19,2, GJB_Rinse,0
101,   P-17825,   2021/09/10 03:23:20,           1-20,1,-14.109,-121.595,17781,-1,1,                                        ,                                        ,                 H2O,1631266106,0.277,0.717,98.352,0,0.005,2.348,1294.376,3.355,2.799,108.03,0.862,0.508,0,0,1,44.062,1,20,2, GJB_Rinse,0
102,   P-17825,   2021/09/10 03:32:16,           1-20,2,-14.149,-121.557,17886,-1,1,                                        ,                                        ,                 H2O,1631266643,0.3,0.709,100.757,0,0.004,2.386,1295.31,2.5,2.862,110.287,0.864,0.666,0,0,1,44.125,1,20,2, GJB_Rinse,0
103,   P-17825,   2021/09/10 03:41:12,           1-20,3,-14.161,-121.673,17851,-1,1,                                        ,                                        ,                 H2O,1631267179,0.285,0.73,99.838,0.001,0.004,2.385,1295.162,2.392,2.858,110.112,0.861,0.499,0,0,1,44.125,1,20,2, GJB_Rinse,0
104,   P-17825,   2021/09/10 03:50:09,           1-20,4,-14.134,-121.688,17857,0,1,                                        ,                                        ,                 H2O,1631267715,0.313,0.749,97.473,0,0.002,2.33,1295.158,2.963,2.785,107.881,0.861,0.192,0,0,1,44.125,1,20,2, GJB_Rinse,0
105,   P-17826,   2021/09/10 03:59:58,           1-21,1,-13.881,-120.905,18051,-1,1,                                        ,                                        ,                 H2O,1631268304,0.318,0.724,99.187,0.001,0.003,2.348,1296.436,2.656,2.873,110.772,0.87,0.579,0,0,1,44,1,21,2, GJB_Rinse,0
106,   P-17826,   2021/09/10 04:08:55,           1-21,2,-13.877,-120.977,17790,-1,1,                                        ,                                        ,                 H2O,1631268841,0.29,0.72,99.912,0,0.003,2.378,1294.57,2.896,2.808,108.39,0.86,0.403,0,0,1,43.812,1,21,2, GJB_Rinse,0
107,   P-17826,   2021/09/10 04:17:51,           1-21,3,-13.918,-120.804,17950,-1,1,                                        ,                                        ,                 H2O,1631269377,0.31,0.799,101.504,0.001,0.003,2.408,1295.756,2.806,2.827,109.451,0.863,0.456,0,0,1,43.875,1,21,2, GJB_Rinse,0
108,   P-17826,   2021/09/10 04:26:47,           1-21,4,-13.896,-120.876,17791,0,1,                                        ,                                        ,                 H2O,1631269913,0.301,0.739,101.122,0.001,0.006,2.401,1294.973,2.855,2.714,106.466,0.862,0.041,0,0,1,43.875,1,21,2, GJB_Rinse,0
109,   P-17827,   2021/09/10 04:36:33,           1-22,1,-8.238,-70.416,18232,-1,1,                                        ,                                        ,                 H2O,1631270499,0.335,0.834,99.024,-0.001,-0.008,2.354,1298.064,2.129,2.86,111.34,0.865,0.102,0,0,1,43.812,1,22,2, GJB_Rinse,0
110,   P-17827,   2021/09/10 04:45:29,           1-22,2,-7.798,-64.376,17715,-1,1,                                        ,                                        ,                 H2O,1631271035,0.352,0.794,99.799,-0.001,-0.002,2.384,1293.927,2.577,2.823,108.796,0.867,0.548,0,0,1,43.812,1,22,2, GJB_Rinse,0
111,   P-17827,   2021/09/10 04:54:25,           1-22,3,-7.707,-62.64,17662,-1,1,                                        ,                                        ,                 H2O,1631271572,0.315,0.708,103.096,0,-0.002,2.44,1293.992,1.828,2.765,108.221,0.865,0.19,0,0,1,43.75,1,22,2, GJB_Rinse,0
112,   P-17827,   2021/09/10 05:03:22,           1-22,4,-7.616,-61.628,18019,0,1,                                        ,                                        ,                 H2O,1631272108,0.306,0.722,100.616,0,-0.004,2.383,1296.04,2.796,2.913,111.067,0.864,0.588,0,0,1,43.688,1,22,2, GJB_Rinse,0
113,   P-17828,   2021/09/10 05:13:08,           1-23,1,-3.268,-30.354,18005,-1,1,                                        ,                                        ,                 H2O,1631272694,0.309,0.82,101.016,-0.001,-0.006,2.395,1296.055,1.786,2.945,112.114,0.868,0.658,0,0,1,43.688,1,23,2, GJB_Rinse,0
114,   P-17828,   2021/09/10 05:22:03,           1-23,2,-2.829,-26.006,17862,-1,1,                                        ,                                        ,                 H2O,1631273229,0.284,0.745,104.287,0,-0.001,2.475,1295.137,2.18,2.857,110.111,0.862,0.392,0,0,1,43.688,1,23,2, GJB_Rinse,0
115,   P-17828,   2021/09/10 05:30:59,           1-23,3,-2.871,-25.114,17852,-1,1,                                        ,                                        ,                 H2O,1631273765,0.288,0.751,104.07,0,0.001,2.462,1295.222,2.087,2.873,109.356,0.866,0.356,0,0,1,43.625,1,23,2, GJB_Rinse,0
116,   P-17828,   2021/09/10 05:39:55,           1-23,4,-2.718,-24.214,17902,0,1,                                        ,                                        ,                 H2O,1631274302,0.325,0.774,100.594,0,-0.004,2.387,1295.577,2.2,2.835,109.064,0.862,0.171,0,0,1,43.688,1,23,2, GJB_Rinse,0
117,   P-17829,   2021/09/10 05:49:41,           1-24,1,-2.523,-23.552,17892,-1,1,                                        ,                                        ,                 H2O,1631274888,0.31,0.773,101.173,0.001,-0.004,2.417,1295.39,2.273,2.85,109.56,0.872,0.372,0,0,1,43.688,1,24,2, GJB_Rinse,0
118,   P-17829,   2021/09/10 05:58:37,           1-24,2,-2.524,-23.228,17856,-1,1,                                        ,                                        ,                 H2O,1631275424,0.294,0.646,101.756,-0.001,0.003,2.425,1295.368,1.617,2.812,110.189,0.864,0.269,0,0,1,43.625,1,24,2, GJB_Rinse,0
119,   P-17829,   2021/09/10 06:07:33,           1-24,3,-2.53,-23.194,17691,-1,1,                                        ,                                        ,                 H2O,1631275959,0.336,0.751,97.958,-0.001,0.001,2.329,1293.647,2.762,2.846,108.452,0.871,0.587,0,0,1,43.625,1,24,2, GJB_Rinse,0
120,   P-17829,   2021/09/10 06:16:30,           1-24,4,-2.506,-22.998,17743,0,1,                                        ,                                        ,                 H2O,1631276496,0.295,0.787,100.536,0.001,-0.001,2.387,1294.36,1.836,2.85,109.827,0.867,0.542,0,0,1,43.688,1,24,2, GJB_Rinse,0
121,   P-17830,   2021/09/10 06:26:16,           1-25,1,-2.185,-18,17968,-1,1,                                        ,                                        ,                 H2O,1631277083,0.304,0.755,97.753,0,-0.001,2.329,1296.149,2.103,2.86,109.437,0.87,0.248,0,0,1,43.625,1,25,2, GJB_Rinse,0
122,   P-17830,   2021/09/10 06:35:13,           1-25,2,-2.123,-17.301,17715,-1,1,                                        ,                                        ,                 H2O,1631277619,0.301,0.727,101.036,0,0.001,2.412,1293.973,2.61,2.867,108.419,0.867,0.362,0,0,1,43.562,1,25,2, GJB_Rinse,0
123,   P-17830,   2021/09/10 06:44:09,           1-25,3,-2.055,-16.956,17968,-1,1,                                        ,                                        ,                 H2O,1631278155,0.322,0.738,100.641,0,0,2.402,1295.927,2.154,2.904,110.665,0.873,0.535,0,0,1,43.562,1,25,2, GJB_Rinse,0
124,   P-17830,   2021/09/10 06:53:05,           1-25,4,-2.064,-16.895,17870,0,1,                                        ,                                        ,                 H2O,1631278691,0.316,0.709,101.345,0,0.002,2.391,1295.446,2.211,2.828,109.124,0.867,0.267,0,0,1,43.5,1,25,2, GJB_Rinse,0
125,   P-17831,   2021/09/10 07:02:52,           1-26,1,-2.274,-29.631,18172,-1,1,                                        ,                                        ,                 H2O,1631279278,0.302,0.743,102.892,-0.001,0.004,2.449,1298.672,1.855,2.86,110.861,0.869,0.093,0,0,1,43.562,1,26,2, GJB_Rinse,0
126,   P-17831,   2021/09/10 07:11:48,           1-26,2,-2.337,-31.335,17846,-1,1,                                        ,                                        ,                 H2O,1631279815,0.319,0.802,99.173,0.001,0,2.368,1296.078,1.827,2.841,110.489,0.867,0.398,0,0,1,43.5,1,26,2, GJB_Rinse,0
127,   P-17831,   2021/09/10 07:20:45,           1-26,3,-2.399,-31.668,17765,-1,1,                                        ,                                        ,                 H2O,1631280351,0.287,0.696,100.096,-0.001,0.002,2.38,1295.524,2.209,2.822,108.205,0.866,0.217,0,0,1,43.562,1,26,2, GJB_Rinse,0
128,   P-17831,   2021/09/10 07:29:41,           1-26,4,-2.326,-31.897,17951,0,1,                                        ,                                        ,                 H2O,1631280888,0.279,0.727,103.052,-0.001,0.001,2.45,1296.922,2.216,2.829,109.813,0.866,0.148,0,0,1,43.562,1,26,2, GJB_Rinse,0
129,   P-17832,   2021/09/10 07:39:29,           1-27,1,-3.463,-33.016,17806,-1,1,                                        ,                                        ,                 H2O,1631281475,0.325,0.689,97.828,0,0.003,2.334,1294.693,2.156,2.879,110.135,0.868,0.593,0,0,1,43.5,1,27,2, GJB_Rinse,0
130,   P-17832,   2021/09/10 07:48:25,           1-27,2,-3.539,-33.076,17819,-1,1,                                        ,                                        ,                 H2O,1631282011,0.295,0.792,100.62,0,0.004,2.39,1294.743,2.899,2.854,108.272,0.866,0.357,0,0,1,43.5,1,27,2, GJB_Rinse,0
131,   P-17832,   2021/09/10 07:57:20,           1-27,3,-3.486,-32.995,17688,-1,1,                                        ,                                        ,                 H2O,1631282547,0.296,0.761,99.85,0,0.002,2.381,1293.841,2.632,2.784,107.961,0.864,0.309,0,0,1,43.5,1,27,2, GJB_Rinse,0
132,   P-17832,   2021/09/10 08:06:17,           1-27,4,-3.564,-33.105,17800,0,1,                                        ,                                        ,                 H2O,1631283083,0.311,0.738,100.605,-0.001,0.001,2.391,1294.689,2.526,2.838,108.023,0.867,0.202,0,0,1,43.5,1,27,2, GJB_Rinse,0
133,   P-17833,   2021/09/10 08:16:04,           1-28,1,-1.837,-28.036,18184,-1,1,                                        ,                                        ,                 H2O,1631283671,0.323,0.779,100.187,-0.001,-0.003,2.372,1299.447,1.797,2.894,110.662,0.864,0.007,0,0,1,43.438,1,28,2, GJB_Rinse,0
134,   P-17833,   2021/09/10 08:25:00,           1-28,2,-1.746,-27.669,17873,-1,1,                                        ,                                        ,                 H2O,1631284206,0.312,0.655,99.845,0,-0.001,2.359,1297.051,1.691,2.859,109.692,0.871,0.25,0,0,1,43.438,1,28,2, GJB_Rinse,0
135,   P-17833,   2021/09/10 08:33:55,           1-28,3,-1.672,-27.617,17836,-1,1,                                        ,                                        ,                 H2O,1631284742,0.291,0.761,100.148,-0.001,0.003,2.388,1296.864,1.98,2.787,108.457,0.869,0.151,0,0,1,43.5,1,28,2, GJB_Rinse,0
136,   P-17833,   2021/09/10 08:42:52,           1-28,4,-1.657,-27.375,17863,0,1,                                        ,                                        ,                 H2O,1631285278,0.299,0.752,102.289,0,0.001,2.422,1296.748,1.725,2.857,110.913,0.864,0.466,0,0,1,43.562,1,28,2, GJB_Rinse,0
137,   P-17834,   2021/09/10 08:52:36,           1-29,1,-2.337,-23.43,17919,-1,1,                                        ,                                        ,                 H2O,1631285863,0.318,0.724,100.236,-0.001,0.002,2.389,1295.392,2.686,2.899,110.04,0.87,0.698,0,0,1,43.562,1,29,2, GJB_Rinse,0
138,   P-17834,   2021/09/10 09:01:32,           1-29,2,-2.351,-23.021,17831,-1,1,                                        ,                                        ,                 H2O,1631286399,0.305,0.687,102.074,-0.001,0.001,2.428,1295.211,2.512,2.788,108.433,0.866,0.278,0,0,1,43.562,1,29,2, GJB_Rinse,0
139,   P-17834,   2021/09/10 09:10:29,           1-29,3,-2.388,-22.835,17848,-1,1,                                        ,                                        ,                 H2O,1631286934,0.293,0.695,104.416,-0.001,0.003,2.479,1294.987,2.89,2.835,108.914,0.863,0.431,0,0,1,43.625,1,29,2, GJB_Rinse,0
140,   P-17834,   2021/09/10 09:19:25,           1-29,4,-2.409,-22.769,17807,0,1,                                        ,                                        ,                 H2O,1631287471,0.317,0.751,100.255,-0.001,0.004,2.374,1294.853,1.906,2.88,110.561,0.869,0.519,0,0,1,43.625,1,29,2, GJB_Rinse,0
141,   P-17835,   2021/09/10 09:29:10,           1-30,1,-1.578,-21.755,18134,-1,1,                                        ,                                        ,                 H2O,1631288056,0.315,0.725,99.448,0,0.001,2.369,1298.1,1.194,2.94,113.875,0.87,0.527,0,0,1,43.625,1,30,2, GJB_Rinse,0
142,   P-17835,   2021/09/10 09:38:06,           1-30,2,-1.502,-21.564,18176,-1,1,                                        ,                                        ,                 H2O,1631288592,0.324,0.711,100.926,-0.001,0.001,2.384,1298.625,1.625,2.94,111.656,0.867,0.125,0,0,1,43.688,1,30,2, GJB_Rinse,0
143,   P-17835,   2021/09/10 09:47:02,           1-30,3,-1.529,-21.954,17826,-1,1,                                        ,                                        ,                 H2O,1631289128,0.311,0.793,100.1,-0.001,-0.001,2.389,1295.985,1.493,2.882,111.363,0.868,0.346,0,0,1,43.688,1,30,2, GJB_Rinse,0
144,   P-17835,   2021/09/10 09:55:58,           1-30,4,-1.518,-21.754,18118,0,1,                                        ,                                        ,                 H2O,1631289664,0.311,0.679,101.008,0.001,0.003,2.403,1298.249,1.607,2.906,111.146,0.871,0.173,0,0,1,43.688,1,30,2, GJB_Rinse,0
145,   P-17836,   2021/09/10 10:05:42,           1-31,1,-7.029,-53.985,18073,-1,1,                                        ,                                        ,                 H2O,1631290248,0.318,0.897,102.723,0.001,0.012,2.443,1296.506,2.503,2.91,110.835,0.865,0.61,0,0,1,43.75,1,31,2, GJB_Rinse,0
146,   P-17836,   2021/09/10 10:14:38,           1-31,2,-7.345,-58.031,17707,-1,1,                                        ,                                        ,                 H2O,1631290784,0.312,0.731,101.742,0.001,0.005,2.399,1293.915,2.385,2.847,109.411,0.863,0.693,0,0,1,43.688,1,31,2, GJB_Rinse,0
147,   P-17836,   2021/09/10 10:23:34,           1-31,3,-7.467,-59.059,17667,-1,1,                                        ,                                        ,                 H2O,1631291320,0.305,0.698,101.033,0.001,0.004,2.401,1293.505,2.887,2.826,107.958,0.866,0.507,0,0,1,43.75,1,31,2, GJB_Rinse,0
148,   P-17836,   2021/09/10 10:32:30,           1-31,4,-7.543,-59.639,17615,0,1,                                        ,                                        ,                 H2O,1631291856,0.31,0.749,99.334,0.001,0.006,2.364,1293.171,2.548,2.81,108.093,0.87,0.346,0,0,1,43.688,1,31,2, GJB_Rinse,0
149,   P-17837,   2021/09/10 10:42:16,           1-32,1,-1.69,-23.301,17681,-1,1,                                        ,                                        ,                 H2O,1631292442,0.396,1.138,98.895,-0.001,-0.006,2.363,1921.623,-22.999,2.891,108.786,0.882,-0.72,0,0,1,43.75,1,32,2, GJB_Rinse,0
150,   P-17837,   2021/09/10 10:51:11,           1-32,2,-1.44,-19.12,17214,-1,1,                                        ,                                        ,                 H2O,1631292978,0.394,1.169,99.344,-0.002,-0.003,2.358,1907.483,-23.585,2.748,103.867,0.872,-1.097,0,0,1,43.75,1,32,2, GJB_Rinse,0
151,   P-17837,   2021/09/10 11:00:08,           1-32,3,-1.345,-18.291,17188,-1,1,                                        ,                                        ,                 H2O,1631293514,0.362,1.079,100.164,0,-0.002,2.387,1908.201,-22.864,2.694,101.083,0.878,-1.51,0,0,1,43.688,1,32,2, GJB_Rinse,0
152,   P-17837,   2021/09/10 11:09:03,           1-32,4,-1.236,-17.369,17474,0,1,                                        ,                                        ,                 H2O,1631294049,0.404,1.111,101.007,-0.002,0.002,2.413,1920.593,-23.295,2.808,106.08,0.872,-0.933,0,0,1,43.688,1,32,2, GJB_Rinse,0
153,   P-17838,   2021/09/10 11:18:49,           1-33,1,-2.258,-16.742,18100,-1,1,                                        ,                                        ,                 H2O,1631294635,0.325,0.68,102.369,-0.001,0.001,2.42,1305.336,1.587,2.913,112.573,0.871,0.528,0,0,1,43.812,1,33,2, GJB_Rinse,0
154,   P-17838,   2021/09/10 11:27:45,           1-33,2,-2.23,-16.77,17609,-1,1,                                        ,                                        ,                 H2O,1631295172,0.32,0.723,101.095,-0.001,0.002,2.394,1296.968,2.18,2.788,107.664,0.869,0.38,0,0,1,43.812,1,33,2, GJB_Rinse,0
155,   P-17838,   2021/09/10 11:36:41,           1-33,3,-2.195,-16.447,17790,-1,1,                                        ,                                        ,                 H2O,1631295707,0.3,0.773,101.863,-0.001,0.002,2.413,1296.975,2.374,2.839,108.626,0.869,0.318,0,0,1,43.75,1,33,2, GJB_Rinse,0
156,   P-17838,   2021/09/10 11:45:36,           1-33,4,-2.171,-16.352,17849,0,1,                                        ,                                        ,                 H2O,1631296242,0.307,0.788,100.391,-0.001,0,2.399,1296.459,2.566,2.894,110.238,0.872,0.569,0,0,1,43.75,1,33,2, GJB_Rinse,0
157,   P-17839,   2021/09/10 11:55:23,           1-34,1,-2.6,-20.416,17942,-1,1,                                        ,                                        ,                 H2O,1631296830,0.317,0.741,100.791,-0.001,0,2.394,1296.005,2.346,2.885,111.418,0.872,0.561,0,0,1,43.75,1,34,2, GJB_Rinse,0
158,   P-17839,   2021/09/10 12:04:19,           1-34,2,-2.618,-21.081,17763,-1,1,                                        ,                                        ,                 H2O,1631297365,0.343,0.731,98.88,0.001,0.002,2.344,1295.197,1.912,2.857,110.429,0.869,0.527,0,0,1,43.75,1,34,2, GJB_Rinse,0
159,   P-17839,   2021/09/10 12:13:15,           1-34,3,-2.625,-21.28,17675,-1,1,                                        ,                                        ,                 H2O,1631297902,0.31,0.704,100.752,0,0.002,2.387,1294.432,3.007,2.78,106.291,0.868,0.137,0,0,1,43.688,1,34,2, GJB_Rinse,0
160,   P-17839,   2021/09/10 12:22:11,           1-34,4,-2.653,-21.091,17925,0,1,                                        ,                                        ,                 H2O,1631298437,0.327,0.799,101.661,0.001,0.004,2.411,1295.98,2.292,2.914,111.097,0.873,0.598,0,0,1,43.75,1,34,2, GJB_Rinse,0
161,   P-17840,   2021/09/10 12:31:58,           1-35,1,-2.127,-20.897,17872,-1,1,                                        ,                                        ,                 H2O,1631299025,0.314,0.773,101.764,0.001,0.006,2.435,1295.502,2.044,2.854,110.179,0.871,0.527,0,0,1,43.75,1,35,2, GJB_Rinse,0
162,   P-17840,   2021/09/10 12:40:54,           1-35,2,-1.994,-20.562,17843,-1,1,                                        ,                                        ,                 H2O,1631299560,0.304,0.744,100.228,0,0.001,2.392,1295.298,1.944,2.873,110.446,0.873,0.438,0,0,1,43.75,1,35,2, GJB_Rinse,0
163,   P-17840,   2021/09/10 12:49:50,           1-35,3,-1.987,-20.587,17690,-1,1,                                        ,                                        ,                 H2O,1631300097,0.32,0.657,101.854,0,0,2.415,1294.327,1.467,2.86,110.358,0.874,0.525,0,0,1,43.75,1,35,2, GJB_Rinse,0
164,   P-17840,   2021/09/10 12:58:46,           1-35,4,-1.983,-20.711,17753,0,1,                                        ,                                        ,                 H2O,1631300633,0.315,0.64,101.291,0,0.001,2.407,1294.626,2.058,2.889,109.734,0.871,0.549,0,0,1,43.688,1,35,2, GJB_Rinse,0
165,   P-17841,   2021/09/10 13:08:29,           1-36,1,-2.395,-27.108,18130,-1,1,                                        ,                                        ,                 H2O,1631301215,0.296,0.752,101.817,-0.001,0,2.416,1298.293,1.641,2.923,112.06,0.867,0.263,0,0,1,43.688,1,36,2, GJB_Rinse,0
166,   P-17841,   2021/09/10 13:17:25,           1-36,2,-2.477,-28.257,17845,-1,1,                                        ,                                        ,                 H2O,1631301751,0.319,0.799,100.334,0,0.003,2.4,1295.855,2.184,2.892,111.077,0.871,0.698,0,0,1,43.688,1,36,2, GJB_Rinse,0
167,   P-17841,   2021/09/10 13:26:21,           1-36,3,-2.462,-28.191,17990,-1,1,                                        ,                                        ,                 H2O,1631302287,0.317,0.794,100.91,-0.001,0.004,2.401,1297.539,1.529,2.87,110.764,0.871,0.097,0,0,1,43.75,1,36,2, GJB_Rinse,0
168,   P-17841,   2021/09/10 13:35:16,           1-36,4,-2.468,-28.498,17880,0,1,                                        ,                                        ,                 H2O,1631302823,0.332,0.874,100.76,0,0.003,2.399,1296.329,2.329,2.853,109.63,0.87,0.45,0,0,1,43.812,1,36,2, GJB_Rinse,0
169,   P-17842,   2021/09/10 13:44:59,           1-37,1,-1.791,-26.851,17573,-1,1,                                        ,                                        ,                 H2O,1631303405,0.365,1.234,98.534,0,0.002,2.342,2140.603,-31.456,2.807,103.855,0.886,-1.498,0,0,1,43.938,1,37,2, GJB_Rinse,0
170,   P-17842,   2021/09/10 13:53:55,           1-37,2,-1.923,-27.405,16991,-1,1,                                        ,                                        ,                 H2O,1631303941,0.395,1.181,97.59,-0.001,0.001,2.315,2113.616,-30.892,2.771,102.391,0.873,-1.16,0,0,1,43.875,1,37,2, GJB_Rinse,0
171,   P-17842,   2021/09/10 14:02:51,           1-37,3,-2.009,-27.547,16987,-1,1,                                        ,                                        ,                 H2O,1631304477,0.427,1.197,99.917,0,0,2.385,2115.12,-30.804,2.716,100.893,0.882,-1.248,0,0,1,43.875,1,37,2, GJB_Rinse,0
172,   P-17842,   2021/09/10 14:11:47,           1-37,4,-1.864,-27.203,17332,0,1,                                        ,                                        ,                 H2O,1631305013,0.413,1.175,100.892,0,0.002,2.4,2136.038,-30.9,2.753,101.664,0.886,-1.551,0,0,1,43.938,1,37,2, GJB_Rinse,0
173,   P-17843,   2021/09/10 14:21:30,           1-38,1,-2.378,-28.359,17914,-1,1,                                        ,                                        ,                 H2O,1631305597,0.294,0.753,102.153,0,0.006,2.438,1307.742,1.482,2.868,109.786,0.868,0.229,0,0,1,44,1,38,2, GJB_Rinse,0
174,   P-17843,   2021/09/10 14:30:26,           1-38,2,-2.214,-27.588,18252,-1,1,                                        ,                                        ,                 H2O,1631306132,0.288,0.731,102.396,0,0.002,2.41,1303.703,1.22,2.99,114.311,0.865,0.482,0,0,1,44,1,38,2, GJB_Rinse,0
175,   P-17843,   2021/09/10 14:39:21,           1-38,3,-2.28,-27.964,17839,-1,1,                                        ,                                        ,                 H2O,1631306668,0.308,0.742,101.916,-0.001,0.003,2.432,1298.691,2.14,2.867,109.695,0.873,0.369,0,0,1,44,1,38,2, GJB_Rinse,0
176,   P-17843,   2021/09/10 14:48:17,           1-38,4,-2.257,-27.926,17922,0,1,                                        ,                                        ,                 H2O,1631307203,0.319,0.766,102.91,0.001,0.002,2.447,1298.451,1.546,2.883,111.546,0.866,0.548,0,0,1,43.938,1,38,2, GJB_Rinse,0
177,   P-17844,   2021/09/10 14:58:00,           1-39,1,-2.15,-21.878,17521,-1,1,                                        ,                                        ,                 H2O,1631307786,0.292,0.718,98.212,-0.001,-0.001,2.347,1293.202,2.46,2.807,107.597,0.872,0.426,0,0,1,44,1,39,2, GJB_Rinse,0
178,   P-17844,   2021/09/10 15:06:56,           1-39,2,-2.242,-21.149,17336,-1,1,                                        ,                                        ,                 H2O,1631308322,0.321,0.713,101.882,0,0.006,2.438,1292.189,2.474,2.772,106.353,0.871,0.489,0,0,1,44,1,39,2, GJB_Rinse,0
179,   P-17844,   2021/09/10 15:15:51,           1-39,3,-2.108,-20.675,17312,-1,1,                                        ,                                        ,                 H2O,1631308857,0.305,0.822,99.145,-0.001,0.001,2.354,1292,2.175,2.789,106.643,0.872,0.453,0,0,1,43.938,1,39,2, GJB_Rinse,0
180,   P-17844,   2021/09/10 15:24:47,           1-39,4,-2.105,-20.273,17896,0,1,                                        ,                                        ,                 H2O,1631309393,0.288,0.679,98.235,0,0,2.335,1295.735,2.1,2.95,111.169,0.871,0.546,0,0,1,43.938,1,39,2, GJB_Rinse,0
181,   P-17845,   2021/09/10 15:34:31,           1-40,1,-6.979,-53.414,17699,-1,1,                                        ,                                        ,                 H2O,1631309977,0.308,0.741,98.618,0.001,0.007,2.35,1294.182,2.289,2.844,109.393,0.869,0.55,0,0,1,43.938,1,40,2, GJB_Rinse,0
182,   P-17845,   2021/09/10 15:43:28,           1-40,2,-7.449,-57.811,17940,-1,1,                                        ,                                        ,                 H2O,1631310514,0.309,0.725,99.202,-0.001,0.005,2.372,1295.711,3.064,2.883,109.774,0.872,0.649,0,0,1,43.938,1,40,2, GJB_Rinse,0
183,   P-17845,   2021/09/10 15:52:23,           1-40,3,-7.54,-59.036,17720,-1,1,                                        ,                                        ,                 H2O,1631311049,0.302,0.794,99.719,0,0.004,2.382,1294.334,2.511,2.867,108.503,0.867,0.314,0,0,1,43.938,1,40,2, GJB_Rinse,0
184,   P-17845,   2021/09/10 16:01:18,           1-40,4,-7.459,-59.072,18036,0,1,                                        ,                                        ,                 H2O,1631311584,0.307,0.759,101.383,0,0.003,2.404,1296.301,3.12,2.857,110.37,0.868,0.547,0,0,1,44,1,40,2, GJB_Rinse,0
185,   P-17846,   2021/09/10 16:11:03,           1-41,1,-3.17,-39.081,18234,-1,1,                                        ,                                        ,                 H2O,1631312169,0.302,0.783,102.625,-0.001,0,2.424,1303.071,1.648,2.906,113.085,0.866,0.333,0,0,1,44,1,41,2, GJB_Rinse,0
186,   P-17846,   2021/09/10 16:19:58,           1-41,2,-2.927,-37.09,17793,-1,1,                                        ,                                        ,                 H2O,1631312705,0.303,0.697,100.28,-0.001,0.002,2.4,1299.979,1.158,2.868,111.024,0.865,0.211,0,0,1,43.938,1,41,2, GJB_Rinse,0
187,   P-17846,   2021/09/10 16:28:54,           1-41,3,-2.873,-36.4,17892,-1,1,                                        ,                                        ,                 H2O,1631313241,0.307,0.769,101.727,-0.001,0,2.403,1300.766,1.43,2.874,110.127,0.871,0.097,0,0,1,44,1,41,2, GJB_Rinse,0
188,   P-17846,   2021/09/10 16:37:49,           1-41,4,-2.856,-36.246,17856,0,1,                                        ,                                        ,                 H2O,1631313776,0.308,0.784,100.696,-0.001,0.001,2.405,1300.68,1.338,2.84,109.449,0.873,-0.104,0,0,1,44.062,1,41,2, GJB_Rinse,0
189,   P-17847,   2021/09/10 16:47:34,           1-42,1,-2.739,-24.849,17911,-1,1,                                        ,                                        ,                 H2O,1631314361,0.299,0.822,101.75,0,0,2.433,1295.588,1.888,2.906,111.57,0.872,0.544,0,0,1,44,1,42,2, GJB_Rinse,0
190,   P-17847,   2021/09/10 16:56:31,           1-42,2,-2.669,-22.916,17865,-1,1,                                        ,                                        ,                 H2O,1631314897,0.315,0.779,101.636,0,0.002,2.421,1295.12,2.378,2.829,109.563,0.87,0.48,0,0,1,44.062,1,42,2, GJB_Rinse,0
191,   P-17847,   2021/09/10 17:05:26,           1-42,3,-2.691,-22.759,17826,-1,1,                                        ,                                        ,                 H2O,1631315433,0.313,0.712,102.218,0,0,2.418,1294.777,3.014,2.78,107.927,0.871,0.333,0,0,1,44.062,1,42,2, GJB_Rinse,0
192,   P-17847,   2021/09/10 17:14:23,           1-42,4,-2.766,-22.522,17895,0,1,                                        ,                                        ,                 H2O,1631315969,0.311,0.783,101.495,0,0.003,2.415,1295.386,2.209,2.863,109.973,0.871,0.413,0,0,1,44.125,1,42,2, GJB_Rinse,0
193,   P-17848,   2021/09/10 17:24:06,           1-43,1,-1.972,-20.289,17487,-1,1,                                        ,                                        ,                 H2O,1631316553,0.314,0.768,99.786,-0.001,0.003,2.369,1292.546,2.504,2.743,106.255,0.872,0.245,0,0,1,44.25,1,43,2, GJB_Rinse,0
194,   P-17848,   2021/09/10 17:33:02,           1-43,2,-1.81,-19.571,17791,-1,1,                                        ,                                        ,                 H2O,1631317088,0.337,0.77,101.467,-0.001,0.002,2.404,1294.825,1.807,2.838,110.617,0.869,0.306,0,0,1,44.312,1,43,2, GJB_Rinse,0
195,   P-17848,   2021/09/10 17:41:57,           1-43,3,-1.785,-19.51,17857,-1,1,                                        ,                                        ,                 H2O,1631317623,0.291,0.788,103.144,0,0.001,2.454,1295.186,1.954,2.9,110.966,0.866,0.628,0,0,1,44.188,1,43,2, GJB_Rinse,0
196,   P-17848,   2021/09/10 17:50:52,           1-43,4,-1.839,-19.338,17922,0,1,                                        ,                                        ,                 H2O,1631318159,0.312,0.69,101.784,0,0,2.439,1295.827,1.655,2.889,110.797,0.869,0.302,0,0,1,44.188,1,43,2, GJB_Rinse,0
197,   P-17849,   2021/09/10 18:00:37,           1-44,1,-3.034,-27.062,17997,-1,1,                                        ,                                        ,                 H2O,1631318743,0.325,0.703,101.086,0,0.001,2.405,1296.206,2.35,2.826,109.521,0.871,0.399,0,0,1,44.25,1,44,2, GJB_Rinse,0
198,   P-17849,   2021/09/10 18:09:33,           1-44,2,-3.029,-28.016,17881,-1,1,                                        ,                                        ,                 H2O,1631319280,0.306,0.807,101.996,0,0.005,2.446,1295.015,2.082,2.917,112.037,0.869,0.749,0,0,1,44.375,1,44,2, GJB_Rinse,0
199,   P-17849,   2021/09/10 18:18:29,           1-44,3,-3.098,-28.351,17866,-1,1,                                        ,                                        ,                 H2O,1631319816,0.299,0.71,98.117,-0.001,0,2.344,1295.045,2.41,2.826,110.238,0.867,0.419,0,0,1,44.5,1,44,2, GJB_Rinse,0
200,   P-17849,   2021/09/10 18:27:25,           1-44,4,-3.125,-28.478,17933,0,1,                                        ,                                        ,                 H2O,1631320351,0.335,0.861,101.793,-0.001,0,2.429,1295.482,2.395,2.858,109.866,0.868,0.312,0,0,1,44.562,1,44,2, GJB_Rinse,0
201,   P-17850,   2021/09/10 18:37:09,           1-45,1,-2.895,-23.943,18002,-1,1,                                        ,                                        ,                 H2O,1631320936,0.316,0.693,103.366,-0.001,0.004,2.474,1296.19,2.558,2.855,109.176,0.865,0.291,0,0,1,44.562,1,45,2, GJB_Rinse,0
202,   P-17850,   2021/09/10 18:46:04,           1-45,2,-2.897,-23.869,17445,-1,1,                                        ,                                        ,                 H2O,1631321471,0.302,0.793,100.681,-0.001,-0.001,2.403,1292.514,1.581,2.723,107.121,0.863,0.03,0,0,1,44.625,1,45,2, GJB_Rinse,0
203,   P-17850,   2021/09/10 18:54:59,           1-45,3,-2.862,-23.237,17905,-1,1,                                        ,                                        ,                 H2O,1631322006,0.309,0.761,102.55,-0.001,0.001,2.432,1295.265,2.089,2.866,111.011,0.863,0.511,0,0,1,44.75,1,45,2, GJB_Rinse,0
204,   P-17850,   2021/09/10 19:03:54,           1-45,4,-2.866,-23.288,17795,0,1,                                        ,                                        ,                 H2O,1631322541,0.315,0.776,102.163,-0.001,0.003,2.428,1294.319,2.456,2.874,110.319,0.861,0.615,0,0,1,44.75,1,45,2, GJB_Rinse,0
205,   P-17851,   2021/09/10 19:13:39,           1-46,1,-1.973,-23.564,18134,-1,1,                                        ,                                        ,                 H2O,1631323126,0.359,0.721,100.696,0,0.005,2.401,1296.914,2.391,2.892,111.784,0.863,0.428,0,0,1,44.812,1,46,2, GJB_Rinse,0
206,   P-17851,   2021/09/10 19:22:35,           1-46,2,-1.878,-23.673,17807,-1,1,                                        ,                                        ,                 H2O,1631323661,0.314,0.674,100.412,-0.001,0.001,2.376,1295.275,1.674,2.832,108.987,0.864,-0.035,0,0,1,44.812,1,46,2, GJB_Rinse,0
207,   P-17851,   2021/09/10 19:31:31,           1-46,3,-1.838,-23.538,17905,-1,1,                                        ,                                        ,                 H2O,1631324198,0.312,0.79,101.928,0,0.002,2.425,1295.569,2.378,2.798,109.477,0.866,0.194,0,0,1,44.812,1,46,2, GJB_Rinse,0
208,   P-17851,   2021/09/10 19:40:27,           1-46,4,-1.856,-23.65,17764,0,1,                                        ,                                        ,                 H2O,1631324733,0.304,0.77,102.192,0.001,0.005,2.429,1294.594,2.348,2.853,108.413,0.862,0.317,0,0,1,44.875,1,46,2, GJB_Rinse,0
209,   P-17852,   2021/09/10 19:50:12,           1-47,1,-2.42,-25.905,17187,-1,1,                                        ,                                        ,                 H2O,1631325318,0.317,0.771,98.182,0,0.003,2.34,1291.536,1.71,2.721,105.75,0.865,0.138,0,0,1,44.875,1,47,2, GJB_Rinse,0
210,   P-17852,   2021/09/10 19:59:07,           1-47,2,-2.473,-26.159,17451,-1,1,                                        ,                                        ,                 H2O,1631325854,0.297,0.83,100.018,-0.001,-0.001,2.388,1293.56,1.35,2.752,107.311,0.862,-0.007,0,0,1,44.812,1,47,2, GJB_Rinse,0
211,   P-17852,   2021/09/10 20:08:03,           1-47,3,-2.462,-26.062,17776,-1,1,                                        ,                                        ,                 H2O,1631326389,0.326,0.763,102.127,-0.001,0.002,2.44,1295.525,1.309,2.891,111.787,0.862,0.516,0,0,1,44.875,1,47,2, GJB_Rinse,0
212,   P-17852,   2021/09/10 20:16:59,           1-47,4,-2.435,-26.139,17586,0,1,                                        ,                                        ,                 H2O,1631326924,0.314,0.801,100.883,0,0.002,2.399,1294.376,1.726,2.814,108.62,0.861,0.165,0,0,1,44.875,1,47,2, GJB_Rinse,0
213,   P-17853,   2021/09/10 20:26:44,           1-48,1,-2.383,-25.055,17289,-1,1,                                        ,                                        ,                 H2O,1631327511,0.299,0.665,99.424,0.001,0.002,2.367,1291.134,2.286,2.724,106.641,0.864,0.358,0,0,1,45,1,48,2, GJB_Rinse,0
214,   P-17853,   2021/09/10 20:35:40,           1-48,2,-2.399,-24.887,17672,-1,1,                                        ,                                        ,                 H2O,1631328047,0.284,0.628,101.391,0,0.002,2.406,1293.588,2.453,2.823,109.078,0.867,0.524,0,0,1,44.938,1,48,2, GJB_Rinse,0
215,   P-17853,   2021/09/10 20:44:36,           1-48,3,-2.376,-24.847,17408,-1,1,                                        ,                                        ,                 H2O,1631328583,0.288,0.8,101.413,0,0.004,2.424,1292.172,1.799,2.788,107.393,0.862,0.299,0,0,1,45.062,1,48,2, GJB_Rinse,0
216,   P-17853,   2021/09/10 20:53:32,           1-48,4,-2.344,-24.719,17407,0,1,                                        ,                                        ,                 H2O,1631329119,0.325,0.729,100.12,0.001,0.001,2.393,1292.111,2.311,2.755,106.766,0.862,0.209,0,0,1,45.062,1,48,2, GJB_Rinse,0
217,   P-17854,   2021/09/10 21:03:18,           1-49,1,-6.981,-53.988,17448,-1,1,                                        ,                                        ,                 H2O,1631329704,0.294,0.753,98.889,0,0.005,2.363,1292.092,2.647,2.75,106.464,0.862,0.143,0,0,1,45.125,1,49,2, GJB_Rinse,0
218,   P-17854,   2021/09/10 21:12:14,           1-49,2,-7.373,-57.819,17805,-1,1,                                        ,                                        ,                 H2O,1631330240,0.295,0.787,102.689,0.001,0.007,2.437,1294.845,2.771,2.783,107.149,0.862,0.168,0,0,1,45.125,1,49,2, GJB_Rinse,0
219,   P-17854,   2021/09/10 21:21:10,           1-49,3,-7.469,-59.032,17138,-1,1,                                        ,                                        ,                 H2O,1631330776,0.301,0.737,99.785,0,0.003,2.386,1290.141,2.562,2.678,103.413,0.861,0.095,0,0,1,45.188,1,49,2, GJB_Rinse,0
220,   P-17854,   2021/09/10 21:30:05,           1-49,4,-7.504,-59.621,17086,0,1,                                        ,                                        ,                 H2O,1631331311,0.305,0.723,99.96,0.001,0.003,2.388,1289.538,2.478,2.696,104.349,0.862,0.323,0,0,1,45.188,1,49,2, GJB_Rinse,0
221,   P-17855,   2021/09/10 21:39:50,           1-50,1,,,,,,,,,,,,,,,,,,,,,,,,,,,,,,
222,   P-17855,   2021/09/10 21:48:45,           1-50,2,,,,,,,,,,,,,,,,,,,,,,,,,,,,,,
223,   P-17855,   2021/09/10 21:57:40,           1-50,3,5.466,-11.976,17567,-1,1,                                        ,                                        ,                 H2O,1631332966,0.397,1.058,100.717,-0.001,0.001,2.417,1665.615,-26.723,3.497,117.489,0.873,-5.064,0,0,1,45.188,1,50,2, GJB_Rinse,0
224,   P-17855,   2021/09/10 22:06:34,           1-50,4,5.486,-11.663,17379,0,1,                                        ,                                        ,                 H2O,1631333500,0.405,0.956,101.132,-0.002,-0.001,2.414,1660.705,-26.198,3.429,115.953,0.867,-5.358,0,0,1,45,1,50,2, GJB_Rinse,0
225,   P-17856,   2021/09/10 22:16:20,           1-51,1,1.191,-22.128,17683,-1,1,                                        ,                                        ,                 H2O,1631334086,0.328,0.717,101.028,-0.001,0.001,2.403,1358.043,-6.67,2.875,112.943,0.865,-2.224,0,0,1,44.875,1,51,2, GJB_Rinse,0
226,   P-17856,   2021/09/10 22:25:14,           1-51,2,1.269,-22.22,18117,-1,1,                                        ,                                        ,                 H2O,1631334621,0.31,0.801,101.942,-0.002,0.001,2.428,1359.739,-6.295,2.939,115.377,0.865,-2.069,0,0,1,44.75,1,51,2, GJB_Rinse,0
227,   P-17856,   2021/09/10 22:34:10,           1-51,3,1.206,-22.589,17830,-1,1,                                        ,                                        ,                 H2O,1631335156,0.329,0.722,101.515,0.001,0.001,2.406,1356.186,-6.549,2.908,114.54,0.868,-1.929,0,0,1,44.625,1,51,2, GJB_Rinse,0
228,   P-17856,   2021/09/10 22:43:05,           1-51,4,1.16,-22.671,17628,0,1,                                        ,                                        ,                 H2O,1631335692,0.327,0.794,102.907,-0.001,0.003,2.461,1353.615,-6.719,2.878,113.901,0.866,-1.919,0,0,1,44.562,1,51,2, GJB_Rinse,0
229,   P-17857,   2021/09/10 22:52:50,           1-52,1,-2.377,-32.564,17541,-1,1,                                        ,                                        ,                 H2O,1631336276,0.33,0.691,101.217,-0.001,0.001,2.403,1295.547,1.893,2.804,107.858,0.867,0.15,0,0,1,44.5,1,52,2, GJB_Rinse,0
230,   P-17857,   2021/09/10 23:01:46,           1-52,2,-2.425,-33.312,17441,-1,1,                                        ,                                        ,                 H2O,1631336812,0.288,0.751,100.382,0,0.003,2.385,1294.529,1.834,2.766,107.277,0.867,0.166,0,0,1,44.438,1,52,2, GJB_Rinse,0
231,   P-17857,   2021/09/10 23:10:42,           1-52,3,-2.474,-33.288,17643,-1,1,                                        ,                                        ,                 H2O,1631337348,0.344,0.747,102.23,-0.001,0.002,2.431,1295.543,2.041,2.806,109.056,0.865,0.336,0,0,1,44.375,1,52,2, GJB_Rinse,0
232,   P-17857,   2021/09/10 23:19:38,           1-52,4,-2.493,-33.603,17447,0,1,                                        ,                                        ,                 H2O,1631337884,0.311,0.758,100.041,0,0.002,2.372,1294.282,1.971,2.694,105.821,0.868,-0.138,0,0,1,44.312,1,52,2, GJB_Rinse,0
233,   P-17858,   2021/09/10 23:29:27,           1-53,1,,,,,,,,,,,,,,,,,,,,,,,,,,,,,,
234,   P-17858,   2021/09/10 23:38:22,           1-53,2,,,,,,,,,,,,,,,,,,,,,,,,,,,,,,
235,   P-17858,   2021/09/10 23:47:18,           1-53,3,-1.871,-27.326,17758,-1,1,                                        ,                                        ,                 H2O,1631339009,0.301,0.848,100.296,0.001,0.008,2.392,1294.675,2.616,2.819,107.664,0.874,0.305,0,0,1,44.125,1,53,2, GJB_Rinse,0
236,   P-17858,   2021/09/10 23:56:13,           1-53,4,-1.834,-27.337,17004,-1,1,                                        ,                                        ,                 H2O,1631339544,0.311,0.734,99.686,0,0.006,2.389,1289.634,2.237,2.605,102.578,0.869,-0.044,0,0,1,44.125,1,53,2, GJB_Rinse,0
237,   P-17859,   2021/09/11 00:05:59,           1-54,1,-2.786,-30.77,14286,-1,1,                                        ,                                        ,                 H2O,1631340666,0.34,0.805,91.447,0,0.004,2.217,1270.364,2.283,2.193,86.982,0.864,0.085,0,0,1,44.062,1,54,2, GJB_Rinse,0
238,   P-17859,   2021/09/11 00:14:55,           1-54,2,,,,,,,,,,,,,,,,,,,,,,,,,,,,,,
239,   P-17859,   2021/09/11 00:23:51,           1-54,3,              ,              ,              ,        ,     ,                                        ,                                        ,                 H2O,              ,              ,              ,              ,              ,              ,              ,              ,              ,              ,              ,              ,              ,              ,              ,     ,              ,1,54,2, GJB_Rinse,0
240,   P-17859,   2021/09/11 00:33:48,           1-54,4,-3.011,-31.349,14392,0,1,                                        ,                                        ,                 H2O,1631342334,0.291,0.815,83.956,0,0.001,2.033,1271.012,2.248,2.23,87.87,0.861,0.206,0,0,1,44.062,1,54,2, GJB_Rinse,0
241,   P-17860,   2021/09/11 00:43:36,           1-55,1,-1.811,-22.803,17318,-1,1,                                        ,                                        ,                 H2O,1631342922,0.273,0.756,94.372,0,0.001,2.241,1292.23,1.733,2.725,107.557,0.862,0.243,0,0,1,44.062,1,55,2, GJB_Rinse,0
242,   P-17860,   2021/09/11 00:52:31,           1-55,2,-1.891,-22.653,17569,-1,1,                                        ,                                        ,                 H2O,1631343457,0.317,0.843,97.809,0,0.004,2.328,1294.067,1.914,2.771,107.887,0.865,0.144,0,0,1,44,1,55,2, GJB_Rinse,0
243,   P-17860,   2021/09/11 01:01:26,           1-55,3,-1.773,-22.174,17507,-1,1,                                        ,                                        ,                 H2O,1631343992,0.321,0.764,98.176,0,0.005,2.347,1293.509,1.957,2.758,107.881,0.871,0.32,0,0,1,44,1,55,2, GJB_Rinse,0
244,   P-17860,   2021/09/11 01:10:22,           1-55,4,-1.725,-21.86,17351,0,1,                                        ,                                        ,                 H2O,1631344528,0.284,0.719,96.569,-0.001,0.002,2.313,1292.461,1.704,2.773,107.094,0.87,0.35,0,0,1,43.938,1,55,2, GJB_Rinse,0
245,   P-17861,   2021/09/11 01:20:09,           1-56,1,-1.689,-23.968,17368,-1,1,                                        ,                                        ,                 H2O,1631345116,0.28,0.753,98.59,0,0.004,2.362,1295.544,0.356,2.781,108.763,0.87,-0.123,0,0,1,43.938,1,56,2, GJB_Rinse,0
246,   P-17861,   2021/09/11 01:29:04,           1-56,2,-1.712,-23.892,17738,-1,1,                                        ,                                        ,                 H2O,1631345651,0.337,0.73,98.851,0,0.006,2.356,1298.677,0.012,2.764,109.751,0.868,-0.552,0,0,1,43.938,1,56,2, GJB_Rinse,0
247,   P-17861,   2021/09/11 01:37:59,           1-56,3,-1.758,-24.013,17629,-1,1,                                        ,                                        ,                 H2O,1631346186,0.328,0.651,99.93,0,0.003,2.385,1297.632,-0.125,2.823,110.325,0.867,-0.283,0,0,1,43.938,1,56,2, GJB_Rinse,0
248,   P-17861,   2021/09/11 01:46:55,           1-56,4,-1.772,-24.335,17411,0,1,                                        ,                                        ,                 H2O,1631346722,0.317,0.809,101.238,0.001,0.007,2.392,1295.864,0.205,2.746,109.038,0.871,-0.071,0,0,1,43.938,1,56,2, GJB_Rinse,0
249,   P-17862,   2021/09/11 01:56:40,           1-57,1,-2.337,-26.13,16327,-1,1,                                        ,                                        ,                 H2O,1631347306,0.295,0.739,95.594,0,0.001,2.298,1284.613,2.309,2.558,100.069,0.867,0.308,0,0,1,44,1,57,2, GJB_Rinse,0
250,   P-17862,   2021/09/11 02:05:35,           1-57,2,-2.201,-25.188,17548,-1,1,                                        ,                                        ,                 H2O,1631347841,0.304,0.732,97.866,-0.001,0.001,2.32,1293.309,1.979,2.777,108.093,0.873,0.267,0,0,1,44,1,57,2, GJB_Rinse,0
251,   P-17862,   2021/09/11 02:14:31,           1-57,3,-2.171,-24.975,17946,-1,1,                                        ,                                        ,                 H2O,1631348377,0.296,0.834,103.803,0.001,0.006,2.476,1296.019,2.301,2.844,110.317,0.869,0.434,0,0,1,44.062,1,57,2, GJB_Rinse,0
252,   P-17862,   2021/09/11 02:23:25,           1-57,4,-2.278,-25.272,17717,0,1,                                        ,                                        ,                 H2O,1631348911,0.307,0.769,100.616,0,0.008,2.388,1294.407,2.484,2.774,107.736,0.868,0.241,0,0,1,44.125,1,57,2, GJB_Rinse,0
253,   P-17863,   2021/09/11 02:33:11,           1-58,1,-6.984,-54.402,17563,-1,1,                                        ,                                        ,                 H2O,1631349498,0.312,0.793,99.971,0.001,0.009,2.376,1292.712,2.713,2.758,107.619,0.867,0.37,0,0,1,44.062,1,58,2, GJB_Rinse,0
254,   P-17863,   2021/09/11 02:42:06,           1-58,2,-7.421,-57.845,17746,-1,1,                                        ,                                        ,                 H2O,1631350032,0.322,0.773,98.387,0,0.004,2.356,1294.072,2.892,2.789,108.125,0.871,0.28,0,0,1,44.062,1,58,2, GJB_Rinse,0
255,   P-17863,   2021/09/11 02:51:02,           1-58,3,-7.573,-59.649,17166,-1,1,                                        ,                                        ,                 H2O,1631350568,0.322,0.819,98.974,0,0.008,2.366,1289.755,3.023,2.705,105.232,0.872,0.539,0,0,1,44.062,1,58,2, GJB_Rinse,0
256,   P-17863,   2021/09/11 02:59:58,           1-58,4,-7.563,-59.77,17174,0,1,                                        ,                                        ,                 H2O,1631351104,0.328,0.786,95.437,0,0.004,2.293,1289.953,2.586,2.705,105.501,0.867,0.47,0,0,1,44,1,58,2, GJB_Rinse,0
257,   P-17864,   2021/09/11 03:09:44,           1-59,1,-3.737,-32.721,17925,-1,1,                                        ,                                        ,                 H2O,1631351690,0.306,0.711,98.054,0,-0.002,2.328,1295.457,2.299,2.897,110.363,0.871,0.451,0,0,1,44.062,1,59,2, GJB_Rinse,0
258,   P-17864,   2021/09/11 03:18:39,           1-59,2,-3.451,-29.459,17777,-1,1,                                        ,                                        ,                 H2O,1631352225,0.313,0.751,100.088,0,0.002,2.368,1294.357,2.52,2.863,108.758,0.87,0.359,0,0,1,44,1,59,2, GJB_Rinse,0
259,   P-17864,   2021/09/11 03:27:34,           1-59,3,-3.409,-28.8,17808,-1,1,                                        ,                                        ,                 H2O,1631352761,0.311,0.739,100.796,-0.001,0.002,2.381,1294.656,2.605,2.805,108.052,0.872,0.326,0,0,1,44,1,59,2, GJB_Rinse,0
260,   P-17864,   2021/09/11 03:36:29,           1-59,4,-3.366,-28.552,17993,0,1,                                        ,                                        ,                 H2O,1631353296,0.33,0.72,102.322,0,0,2.425,1295.706,2.662,2.872,110.164,0.869,0.464,0,0,1,44,1,59,2, GJB_Rinse,0
261,   P-17865,   2021/09/11 03:46:16,           1-60,1,-2.394,-22.376,17895,-1,1,                                        ,                                        ,                 H2O,1631353882,0.314,0.738,100.472,-0.001,0.004,2.4,1295.245,2.169,2.86,109.414,0.872,0.424,0,0,1,43.938,1,60,2, GJB_Rinse,0
262,   P-17865,   2021/09/11 03:55:11,           1-60,2,-2.279,-21.801,17423,-1,1,                                        ,                                        ,                 H2O,1631354418,0.311,0.766,103.142,0,0,2.447,1292.281,2.108,2.738,105.416,0.868,0.046,0,0,1,43.938,1,60,2, GJB_Rinse,0
263,   P-17865,   2021/09/11 04:04:07,           1-60,3,-2.324,-21.361,17473,-1,1,                                        ,                                        ,                 H2O,1631354954,0.312,0.725,100.014,0,0.002,2.378,1292.085,2.306,2.835,108.173,0.871,0.521,0,0,1,43.875,1,60,2, GJB_Rinse,0
264,   P-17865,   2021/09/11 04:13:02,           1-60,4,-2.259,-21.149,17489,0,1,                                        ,                                        ,                 H2O,1631355488,0.314,0.749,102.212,-0.001,0.002,2.432,1292.25,2.086,2.836,108.864,0.871,0.562,0,0,1,43.875,1,60,2, GJB_Rinse,0
265,   P-17866,   2021/09/11 04:22:49,           1-61,1,-2.176,-20.412,17568,-1,1,                                        ,                                        ,                 H2O,1631356076,0.31,0.811,98.305,0,0.001,2.345,1293.239,2.103,2.767,106.549,0.874,0.234,0,0,1,43.938,1,61,2, GJB_Rinse,0
266,   P-17866,   2021/09/11 04:31:45,           1-61,2,-2.186,-20.221,17772,-1,1,                                        ,                                        ,                 H2O,1631356611,0.306,0.716,101.737,0.001,0.001,2.437,1294.271,2.604,2.83,108.999,0.87,0.442,0,0,1,43.812,1,61,2, GJB_Rinse,0
267,   P-17866,   2021/09/11 04:40:40,           1-61,3,-2.251,-20.103,17742,-1,1,                                        ,                                        ,                 H2O,1631357146,0.31,0.746,102.006,0,0.002,2.425,1294.282,2.04,2.82,108.767,0.871,0.26,0,0,1,43.875,1,61,2, GJB_Rinse,0
268,   P-17866,   2021/09/11 04:49:35,           1-61,4,-2.154,-19.927,17776,0,1,                                        ,                                        ,                 H2O,1631357681,0.306,0.699,101.543,0,0.002,2.415,1294.6,2.38,2.811,108.238,0.871,0.289,0,0,1,43.812,1,61,2, GJB_Rinse,0
269,   P-17867,   2021/09/11 04:59:23,           1-62,1,-7.069,-53.562,17787,-1,1,                                        ,                                        ,                 H2O,1631358270,0.32,0.723,100.094,0.001,0.007,2.373,1294.465,2.706,2.818,108.514,0.868,0.362,0,0,1,43.812,1,62,2, GJB_Rinse,0
270,   P-17867,   2021/09/11 05:08:18,           1-62,2,-7.437,-57.934,17784,-1,1,                                        ,                                        ,                 H2O,1631358804,0.328,0.831,104.305,0.001,0.01,2.475,1294.231,2.594,2.853,109.816,0.873,0.603,0,0,1,43.812,1,62,2, GJB_Rinse,0
271,   P-17867,   2021/09/11 05:17:14,           1-62,3,-7.477,-58.834,17832,-1,1,                                        ,                                        ,                 H2O,1631359340,0.303,0.737,99.351,0,0.004,2.362,1294.841,2.457,2.836,109.049,0.872,0.463,0,0,1,43.75,1,62,2, GJB_Rinse,0
272,   P-17867,   2021/09/11 05:26:10,           1-62,4,-7.557,-59.3,17739,0,1,                                        ,                                        ,                 H2O,1631359876,0.319,0.659,102.214,0,0.005,2.425,1293.896,2.858,2.824,108.432,0.873,0.398,0,0,1,43.812,1,62,2, GJB_Rinse,0
